<?xml version="1.0" encoding="UTF-8"?>
<feature
      id="org.eclipse.gmf.runtime.thirdparty"
      label="%featureName"
      version="1.9.0.201506060219"
      provider-name="%providerName"
      image="modeling32.png">

   <description url="http://www.eclipse.org/gmf">
      %description
   </description>

   <copyright url="http://www.eclipse.org/legal/epl-v10.html">
      Copyright (c) 2006, 2015 IBM Corporation and others.
All rights reserved.   This program and the accompanying materials
are made available under the terms of the Eclipse Public License v1.0
which accompanies this distribution, and is available at
http://www.eclipse.org/legal/epl-v10.html
   </copyright>

   <license url="%licenseURL">
      %license
   </license>

   <url>
      <update label="%updateSiteName" url="http://download.eclipse.org/modeling/gmp/gmf-runtime/updates/releases/"/>
   </url>

   <requires>
      <import plugin="org.eclipse.osgi"/>
   </requires>

   <plugin
         id="org.apache.batik.dom.svg"
         download-size="453"
         install-size="1509"
         version="1.6.0.v201011041432"
         unpack="false"/>

   <plugin
         id="org.apache.batik.bridge"
         download-size="504"
         install-size="1013"
         version="1.6.0.v201011041432"
         unpack="false"/>

   <plugin
         id="org.apache.batik.dom"
         download-size="107"
         install-size="203"
         version="1.6.1.v201505192100"
         unpack="false"/>

   <plugin
         id="org.apache.batik.ext.awt"
         download-size="387"
         install-size="760"
         version="1.6.0.v201011041432"
         unpack="false"/>

   <plugin
         id="org.apache.batik.transcoder"
         download-size="79"
         install-size="151"
         version="1.6.0.v201011041432"
         unpack="false"/>

   <plugin
         id="org.apache.batik.svggen"
         download-size="183"
         install-size="338"
         version="1.6.0.v201011041432"
         unpack="false"/>

   <plugin
         id="org.apache.batik.util"
         download-size="99"
         install-size="192"
         version="1.6.0.v201011041432"
         unpack="false"/>

   <plugin
         id="org.w3c.dom.svg"
         download-size="85"
         install-size="119"
         version="1.1.0.v201011041433"
         unpack="false"/>

   <plugin
         id="org.apache.xerces"
         download-size="1273"
         install-size="2681"
         version="2.9.0.v201101211617"
         unpack="false"/>

   <plugin
         id="org.apache.xml.resolver"
         download-size="94"
         install-size="201"
         version="1.2.0.v201005080400"
         unpack="false"/>

   <plugin
         id="org.apache.batik.css"
         download-size="259"
         install-size="512"
         version="1.6.0.v201011041432"
         unpack="false"/>

   <plugin
         id="org.apache.batik.util.gui"
         download-size="161"
         install-size="281"
         version="1.6.0.v201011041432"
         unpack="false"/>

   <plugin
         id="org.apache.batik.parser"
         download-size="54"
         install-size="112"
         version="1.6.0.v201011041432"
         unpack="false"/>

   <plugin
         id="org.apache.batik.xml"
         download-size="35"
         install-size="92"
         version="1.6.0.v201011041432"
         unpack="false"/>

   <plugin
         id="org.w3c.css.sac"
         download-size="32"
         install-size="56"
         version="1.3.1.v200903091627"
         unpack="false"/>

   <plugin
         id="org.w3c.dom.smil"
         download-size="18"
         install-size="37"
         version="1.0.1.v200903091627"
         unpack="false"/>

   <plugin
         id="javax.xml"
         download-size="232"
         install-size="378"
         version="1.3.4.v201005080400"
         unpack="false"/>

   <plugin
         id="org.apache.xml.serializer"
         download-size="286"
         install-size="577"
         version="2.7.1.v201005080400"
         unpack="false"/>

   <plugin
         id="org.apache.batik.pdf"
         download-size="498"
         install-size="989"
         version="1.6.0.v201105071520"
         unpack="false"/>

   <plugin
         id="org.w3c.dom.events"
         download-size="12"
         install-size="19"
         version="3.0.0.draft20060413_v201105210656"
         unpack="false"/>

</feature>
