<?xml version="1.0" encoding="UTF-8"?>
<!--
/**
 * <copyright>
 *
 * Copyright (c) 2005, 2014 IBM Corporation and others.
 * All rights reserved.   This program and the accompanying materials
 * are made available under the terms of the Eclipse Public License v1.0
 * which accompanies this distribution, and is available at
 * http://www.eclipse.org/legal/epl-v10.html
 *
 * Contributors:
 *   IBM - Initial API and implementation
 *
 * </copyright>
 */
-->
<feature
      id="org.eclipse.emf.workspace"
      label="%featureName"
      version="1.9.0.201506010221"
      provider-name="%providerName"
      image="modeling32.png">

   <description url="http://www.eclipse.org/modeling/emf/?project=validation">
      %description
   </description>

   <copyright url="http://www.eclipse.org/legal/epl-v10.html">
      Copyright (c) 2005, 2015 IBM Corporation and others.
All rights reserved.   This program and the accompanying materials
are made available under the terms of the Eclipse Public License v1.0
which accompanies this distribution, and is available at
http://www.eclipse.org/legal/epl-v10.html
   </copyright>

   <license url="%licenseURL">
      %license
   </license>

   <url>
      <update label="%updateSiteName" url="http://download.eclipse.org/modeling/emf/transaction/updates/releases/"/>
   </url>

   <requires>
      <import plugin="org.eclipse.core.runtime" version="3.10.0" match="compatible"/>
      <import plugin="org.eclipse.core.resources" version="3.9.0" match="compatible"/>
      <import plugin="org.eclipse.core.commands" version="3.6.0" match="compatible"/>
      <import plugin="org.eclipse.emf.edit.ui" version="2.10.0" match="compatible"/>
      <import plugin="org.eclipse.emf.transaction" version="1.4.0" match="compatible"/>
   </requires>

   <plugin
         id="org.eclipse.emf.workspace"
         download-size="83"
         install-size="172"
         version="1.5.1.201506010221"
         unpack="false"/>

   <plugin
         id="org.eclipse.emf.workspace.ui"
         download-size="21"
         install-size="38"
         version="1.3.0.201506010221"
         unpack="false"/>

</feature>
